{"textures":{"0":"modelengine:entity/woodland_assassin","particle":"#0"},"elements":[{"from":[8.5,8.843145,2.9142137],"to":[7.5,4.8431454,-1.0857868],"faces":{"east":{"uv":[12.375,0.0,12.875,0.5],"tintindex":0,"rotation":90,"texture":"#0"},"south":{"uv":[12.875,0.375,12.375,0.5],"tintindex":0,"rotation":270,"texture":"#0"},"north":{"uv":[15.875,16.0,16.0,15.875],"tintindex":0,"rotation":0,"texture":"#0"},"west":{"uv":[12.875,0.0,12.375,0.5],"tintindex":0,"rotation":270,"texture":"#0"},"up":{"uv":[16.0,15.875,15.875,16.0],"tintindex":0,"rotation":0,"texture":"#0"},"down":{"uv":[12.875,0.0,12.75,0.5],"tintindex":0,"rotation":180,"texture":"#0"}},"rotation":{"origin":[7.0,2.3431454,-2.5857868],"angle":-45.0,"axis":"x"}},{"from":[7.975,6.475,18.475],"to":[8.025,9.525,21.525],"faces":{"east":{"uv":[4.5,8.375,4.875,8.75],"tintindex":0,"rotation":180,"texture":"#0"},"south":{"uv":[15.875,15.875,16.0,16.0],"tintindex":0,"rotation":0,"texture":"#0"},"north":{"uv":[15.875,15.875,16.0,16.0],"tintindex":0,"rotation":180,"texture":"#0"},"west":{"uv":[4.875,8.375,4.5,8.75],"tintindex":0,"rotation":180,"texture":"#0"},"up":{"uv":[15.875,15.875,16.0,16.0],"tintindex":0,"rotation":180,"texture":"#0"},"down":{"uv":[15.875,15.875,16.0,16.0],"tintindex":0,"rotation":0,"texture":"#0"}},"rotation":{"origin":[8.0,8.0,20.0],"angle":-45.0,"axis":"x"}},{"from":[7.5,5.5,-5.5],"to":[8.5,9.5,-1.5],"faces":{"east":{"uv":[12.375,0.0,12.875,0.5],"tintindex":0,"rotation":270,"texture":"#0"},"south":{"uv":[15.875,15.875,16.0,16.0],"tintindex":0,"rotation":0,"texture":"#0"},"north":{"uv":[12.375,0.375,12.875,0.5],"tintindex":0,"rotation":270,"texture":"#0"},"west":{"uv":[12.875,0.0,12.375,0.5],"tintindex":0,"rotation":90,"texture":"#0"},"up":{"uv":[12.75,0.0,12.875,0.5],"tintindex":0,"rotation":180,"texture":"#0"},"down":{"uv":[15.875,15.875,16.0,16.0],"tintindex":0,"rotation":0,"texture":"#0"}},"rotation":{"origin":[8.0,8.0,-4.0],"angle":-45.0,"axis":"x"}},{"from":[8.0,7.5,-4.0],"to":[8.0,8.5,20.0],"faces":{"east":{"uv":[14.375,0.0,14.5,3.0],"tintindex":0,"rotation":270,"texture":"#0"},"south":{"uv":[2.75,5.625,2.5,4.625],"tintindex":0,"rotation":0,"texture":"#0"},"north":{"uv":[10.875,5.0,10.625,6.0],"tintindex":0,"rotation":180,"texture":"#0"},"west":{"uv":[14.375,0.0,14.5,3.0],"tintindex":0,"rotation":90,"texture":"#0"},"up":{"uv":[9.625,5.0,9.875,5.25],"tintindex":0,"rotation":180,"texture":"#0"},"down":{"uv":[11.125,2.5,11.375,2.75],"tintindex":0,"rotation":0,"texture":"#0"}}}],"display":{"gui":{"rotation":[-150.0,-45.0,180.0]}}}