{"textures":{"0":"modelengine:entity/woodland_assassin","particle":"#0"},"elements":[{"from":[8.0,5.0,8.0],"to":[8.0,8.0,18.0],"faces":{"east":{"uv":[13.125,5.75,11.875,6.125],"tintindex":0,"rotation":0,"texture":"#0"},"south":{"uv":[15.875,15.875,16.0,16.0],"tintindex":0,"rotation":0,"texture":"#0"},"north":{"uv":[15.875,15.875,16.0,16.0],"tintindex":0,"rotation":0,"texture":"#0"},"west":{"uv":[11.875,5.75,13.125,6.125],"tintindex":0,"rotation":0,"texture":"#0"},"up":{"uv":[15.875,15.875,16.0,16.0],"tintindex":0,"rotation":0,"texture":"#0"},"down":{"uv":[15.875,15.875,16.0,16.0],"tintindex":0,"rotation":0,"texture":"#0"}}}],"display":{"gui":{"rotation":[-150.0,-45.0,180.0]}}}