{"textures":{"0":"modelengine:entity/woodland_assassin","particle":"#0"},"elements":[{"from":[8.0,8.0,12.0],"to":[10.0,10.0,16.0],"faces":{"east":{"uv":[9.375,11.0,9.875,11.25],"tintindex":0,"rotation":0,"texture":"#0"},"south":{"uv":[11.125,4.25,11.375,4.5],"tintindex":0,"rotation":0,"texture":"#0"},"north":{"uv":[11.125,4.0,11.375,4.25],"tintindex":0,"rotation":0,"texture":"#0"},"west":{"uv":[9.875,11.0,10.375,11.25],"tintindex":0,"rotation":0,"texture":"#0"},"up":{"uv":[7.875,6.0,7.625,5.5],"tintindex":0,"rotation":0,"texture":"#0"},"down":{"uv":[6.25,9.625,6.0,10.125],"tintindex":0,"rotation":0,"texture":"#0"}}},{"from":[9.0,4.0,11.0],"to":[9.0,8.0,16.0],"faces":{"east":{"uv":[0.0,10.375,0.625,10.875],"tintindex":0,"rotation":0,"texture":"#0"},"west":{"uv":[0.625,10.375,0.0,10.875],"tintindex":0,"rotation":0,"texture":"#0"}},"rotation":{"origin":[9.0,8.0,13.0],"angle":45.0,"axis":"x"}},{"from":[7.5,7.5,8.0],"to":[10.5,10.5,12.0],"faces":{"east":{"uv":[6.0,10.875,6.5,11.25],"tintindex":0,"rotation":0,"texture":"#0"},"south":{"uv":[3.625,11.0,4.0,11.375],"tintindex":0,"rotation":0,"texture":"#0"},"north":{"uv":[3.25,11.0,3.625,11.375],"tintindex":0,"rotation":0,"texture":"#0"},"west":{"uv":[8.5,10.875,9.0,11.25],"tintindex":0,"rotation":0,"texture":"#0"},"up":{"uv":[9.375,11.375,9.0,10.875],"tintindex":0,"rotation":0,"texture":"#0"},"down":{"uv":[11.25,9.75,10.875,10.25],"tintindex":0,"rotation":0,"texture":"#0"}}}],"display":{"gui":{"rotation":[-150.0,-45.0,180.0]}}}