{"textures":{"0":"modelengine:entity/woodland_assassin","particle":"#0"},"elements":[{"from":[4.5,-0.5,7.0],"to":[11.5,-0.5,9.0],"faces":{"up":{"uv":[0.875,14.0,0.0,14.25],"tintindex":0,"rotation":0,"texture":"#0"},"down":{"uv":[0.0,14.25,0.875,14.0],"tintindex":0,"rotation":0,"texture":"#0"}}},{"from":[4.5014143,16.40091,7.0],"to":[11.501414,16.40091,9.0],"faces":{"up":{"uv":[0.0,14.0,0.875,14.25],"tintindex":0,"rotation":0,"texture":"#0"},"down":{"uv":[0.0,14.25,0.875,14.0],"tintindex":0,"rotation":0,"texture":"#0"}}},{"from":[-0.4507475,4.4507484,7.0],"to":[-0.4507475,11.450748,9.0],"faces":{"east":{"uv":[0.875,14.25,0.0,14.0],"tintindex":0,"rotation":270,"texture":"#0"},"west":{"uv":[0.875,14.0,0.0,14.25],"tintindex":0,"rotation":270,"texture":"#0"}}},{"from":[16.450748,11.450748,7.0],"to":[16.450748,18.450748,9.0],"faces":{"east":{"uv":[0.875,14.25,0.0,14.0],"tintindex":0,"rotation":270,"texture":"#0"},"west":{"uv":[0.875,14.0,0.0,14.25],"tintindex":0,"rotation":270,"texture":"#0"}},"rotation":{"origin":[16.449747,11.450748,7.0],"angle":45.0,"axis":"z"}},{"from":[11.5,-0.5,7.0],"to":[18.5,-0.5,9.0],"faces":{"up":{"uv":[0.875,14.0,0.0,14.25],"tintindex":0,"rotation":0,"texture":"#0"},"down":{"uv":[0.875,14.25,0.0,14.0],"tintindex":0,"rotation":0,"texture":"#0"}},"rotation":{"origin":[11.5,-0.49900055,9.0],"angle":45.0,"axis":"z"}},{"from":[-2.5,-0.5,7.0],"to":[4.5,-0.5,9.0],"faces":{"up":{"uv":[0.0,14.0,0.875,14.25],"tintindex":0,"rotation":0,"texture":"#0"},"down":{"uv":[0.0,14.25,0.875,14.0],"tintindex":0,"rotation":0,"texture":"#0"}},"rotation":{"origin":[4.5,-0.49900055,9.0],"angle":-45.0,"axis":"z"}},{"from":[-0.4507475,11.450748,7.0],"to":[-0.4507475,18.450748,9.0],"faces":{"east":{"uv":[0.875,14.25,0.0,14.0],"tintindex":0,"rotation":270,"texture":"#0"},"west":{"uv":[0.875,14.0,0.0,14.25],"tintindex":0,"rotation":270,"texture":"#0"}},"rotation":{"origin":[-0.4497471,11.450748,7.0],"angle":-45.0,"axis":"z"}},{"from":[16.450748,4.4507484,7.0],"to":[16.450748,11.450748,9.0],"faces":{"east":{"uv":[0.875,14.25,0.0,14.0],"tintindex":0,"rotation":270,"texture":"#0"},"west":{"uv":[0.875,14.0,0.0,14.25],"tintindex":0,"rotation":270,"texture":"#0"}}}],"display":{"gui":{"rotation":[-150.0,-45.0,180.0]}}}