{"textures":{"0":"modelengine:entity/woodland_assassin","particle":"#0"},"elements":[{"from":[7.975,18.475,6.475],"to":[8.025,21.525,9.525],"faces":{"east":{"uv":[12.625,1.375,13.0,1.75],"tintindex":0,"rotation":270,"texture":"#0"},"south":{"uv":[15.875,15.875,16.0,16.0],"tintindex":0,"rotation":0,"texture":"#0"},"north":{"uv":[15.875,15.875,16.0,16.0],"tintindex":0,"rotation":0,"texture":"#0"},"west":{"uv":[13.0,1.375,12.625,1.75],"tintindex":0,"rotation":90,"texture":"#0"},"up":{"uv":[15.875,15.875,16.0,16.0],"tintindex":0,"rotation":0,"texture":"#0"},"down":{"uv":[15.875,15.875,16.0,16.0],"tintindex":0,"rotation":0,"texture":"#0"}},"rotation":{"origin":[8.0,20.0,8.0],"angle":-45.0,"axis":"x"}},{"from":[9.025,-1.0,11.0],"to":[7.025,-6.0,6.0],"faces":{"east":{"uv":[13.375,1.375,13.5,1.5],"tintindex":0,"rotation":0,"texture":"#0"},"south":{"uv":[13.375,1.375,13.5,1.5],"tintindex":0,"rotation":0,"texture":"#0"},"north":{"uv":[13.375,1.375,13.5,1.5],"tintindex":0,"rotation":0,"texture":"#0"},"west":{"uv":[13.375,1.375,13.5,1.5],"tintindex":0,"rotation":0,"texture":"#0"},"up":{"uv":[13.375,1.375,13.5,1.5],"tintindex":0,"rotation":0,"texture":"#0"},"down":{"uv":[13.375,1.375,13.5,1.5],"tintindex":0,"rotation":0,"texture":"#0"}},"rotation":{"origin":[8.0,-4.0,8.0],"angle":-45.0,"axis":"x"}},{"from":[8.025,-4.5,7.0],"to":[7.975,20.5,9.0],"faces":{"east":{"uv":[13.25,1.375,13.375,1.5],"tintindex":0,"rotation":0,"texture":"#0"},"south":{"uv":[15.875,15.875,16.0,16.0],"tintindex":0,"rotation":0,"texture":"#0"},"north":{"uv":[15.875,15.875,16.0,16.0],"tintindex":0,"rotation":0,"texture":"#0"},"west":{"uv":[13.25,1.375,13.375,1.5],"tintindex":0,"rotation":0,"texture":"#0"},"up":{"uv":[15.875,15.875,16.0,16.0],"tintindex":0,"rotation":0,"texture":"#0"},"down":{"uv":[15.875,15.875,16.0,16.0],"tintindex":0,"rotation":0,"texture":"#0"}}},{"from":[7.5,-5.5,6.5],"to":[8.5,-1.5,10.5],"faces":{"east":{"uv":[13.125,0.0,13.625,0.5],"tintindex":0,"rotation":0,"texture":"#0"},"south":{"uv":[15.875,15.875,16.0,16.0],"tintindex":0,"rotation":0,"texture":"#0"},"north":{"uv":[13.5,0.0,13.625,0.5],"tintindex":0,"rotation":0,"texture":"#0"},"west":{"uv":[13.625,0.0,13.125,0.5],"tintindex":0,"rotation":0,"texture":"#0"},"up":{"uv":[15.875,15.875,16.0,16.0],"tintindex":0,"rotation":0,"texture":"#0"},"down":{"uv":[13.125,0.375,13.625,0.5],"tintindex":0,"rotation":90,"texture":"#0"}},"rotation":{"origin":[8.0,-4.0,8.0],"angle":-45.0,"axis":"x"}},{"from":[8.0,-4.0,7.5],"to":[8.0,20.0,8.5],"faces":{"east":{"uv":[15.125,0.0,15.25,3.0],"tintindex":0,"rotation":0,"texture":"#0"},"south":{"uv":[11.125,2.5,11.375,2.75],"tintindex":0,"rotation":0,"texture":"#0"},"north":{"uv":[9.625,5.0,9.875,5.25],"tintindex":0,"rotation":0,"texture":"#0"},"west":{"uv":[15.125,0.0,15.25,3.0],"tintindex":0,"rotation":0,"texture":"#0"},"up":{"uv":[2.75,5.625,2.5,4.625],"tintindex":0,"rotation":0,"texture":"#0"},"down":{"uv":[10.875,5.0,10.625,6.0],"tintindex":0,"rotation":0,"texture":"#0"}}},{"from":[8.5,-2.7426405,13.5],"to":[7.5,-6.7426405,9.5],"faces":{"east":{"uv":[13.625,0.5,13.125,0.0],"tintindex":0,"rotation":0,"texture":"#0"},"south":{"uv":[13.5,0.5,13.625,0.0],"tintindex":0,"rotation":0,"texture":"#0"},"north":{"uv":[15.875,16.0,16.0,15.875],"tintindex":0,"rotation":0,"texture":"#0"},"west":{"uv":[13.125,0.5,13.625,0.0],"tintindex":0,"rotation":0,"texture":"#0"},"up":{"uv":[13.125,0.5,13.625,0.375],"tintindex":0,"rotation":90,"texture":"#0"},"down":{"uv":[16.0,15.875,15.875,16.0],"tintindex":0,"rotation":0,"texture":"#0"}},"rotation":{"origin":[7.0,-8.242641,8.0],"angle":-45.0,"axis":"x"}},{"from":[8.049999,22.025,10.025],"to":[7.95,17.975,5.975],"faces":{"east":{"uv":[13.125,1.25,13.625,1.75],"tintindex":0,"rotation":270,"texture":"#0"},"south":{"uv":[15.875,0.0,16.0,0.125],"tintindex":0,"rotation":0,"texture":"#0"},"north":{"uv":[15.875,0.0,16.0,0.125],"tintindex":0,"rotation":0,"texture":"#0"},"west":{"uv":[13.625,1.25,13.125,1.75],"tintindex":0,"rotation":90,"texture":"#0"},"up":{"uv":[15.875,0.0,16.0,0.125],"tintindex":0,"rotation":0,"texture":"#0"},"down":{"uv":[15.875,0.0,16.0,0.125],"tintindex":0,"rotation":0,"texture":"#0"}},"rotation":{"origin":[8.0,20.0,8.0],"angle":-45.0,"axis":"x"}}],"display":{"gui":{"rotation":[-150.0,-45.0,180.0]}}}