{"textures":{"0":"modelengine:entity/woodland_assassin","particle":"#0"},"elements":[{"from":[4.475,6.475,4.475],"to":[11.525,13.525,11.525],"faces":{"east":{"uv":[8.75,3.625,9.625,4.5],"tintindex":0,"rotation":0,"texture":"#0"},"south":{"uv":[4.5,8.75,5.375,9.625],"tintindex":0,"rotation":0,"texture":"#0"},"north":{"uv":[2.25,8.75,3.125,9.625],"tintindex":0,"rotation":0,"texture":"#0"},"west":{"uv":[8.75,4.5,9.625,5.375],"tintindex":0,"rotation":0,"texture":"#0"},"up":{"uv":[6.25,9.625,5.375,8.75],"tintindex":0,"rotation":0,"texture":"#0"},"down":{"uv":[9.75,1.625,8.875,2.5],"tintindex":0,"rotation":0,"texture":"#0"}}},{"from":[4.0,6.5,4.0],"to":[12.0,14.5,12.0],"faces":{"east":{"uv":[6.625,4.0,7.625,5.0],"tintindex":0,"rotation":0,"texture":"#0"},"south":{"uv":[6.625,5.0,7.625,6.0],"tintindex":0,"rotation":0,"texture":"#0"},"north":{"uv":[1.375,6.125,2.375,7.125],"tintindex":0,"rotation":0,"texture":"#0"},"west":{"uv":[6.5,6.75,7.5,7.75],"tintindex":0,"rotation":0,"texture":"#0"},"up":{"uv":[6.25,7.875,5.25,6.875],"tintindex":0,"rotation":0,"texture":"#0"},"down":{"uv":[8.125,0.75,7.125,1.75],"tintindex":0,"rotation":0,"texture":"#0"}}},{"from":[3.5,11.75,7.25],"to":[3.5,14.75,10.25],"faces":{"east":{"uv":[12.625,4.125,13.0,4.5],"tintindex":0,"rotation":0,"texture":"#0"},"south":{"uv":[6.625,5.0,7.625,6.0],"tintindex":0,"rotation":0,"texture":"#0"},"north":{"uv":[1.375,6.125,2.375,7.125],"tintindex":0,"rotation":0,"texture":"#0"},"west":{"uv":[13.0,4.125,12.625,4.5],"tintindex":0,"rotation":0,"texture":"#0"},"up":{"uv":[6.25,7.875,5.25,6.875],"tintindex":0,"rotation":0,"texture":"#0"},"down":{"uv":[8.125,0.75,7.125,1.75],"tintindex":0,"rotation":0,"texture":"#0"}},"rotation":{"origin":[3.75,12.25,9.75],"angle":22.5,"axis":"x"}},{"from":[12.0,14.5,12.0],"to":[4.0,6.5,4.0],"faces":{"east":{"uv":[6.5,7.75,7.5,6.75],"tintindex":0,"rotation":0,"texture":"#0"},"south":{"uv":[1.375,7.125,2.375,6.125],"tintindex":0,"rotation":0,"texture":"#0"},"north":{"uv":[6.625,6.0,7.625,5.0],"tintindex":0,"rotation":0,"texture":"#0"},"west":{"uv":[6.625,5.0,7.625,4.0],"tintindex":0,"rotation":0,"texture":"#0"},"up":{"uv":[7.125,0.75,8.125,1.75],"tintindex":0,"rotation":0,"texture":"#0"},"down":{"uv":[5.25,7.875,6.25,6.875],"tintindex":0,"rotation":0,"texture":"#0"}}}],"display":{"gui":{"rotation":[-150.0,-45.0,180.0]}}}