{"textures":{"0":"modelengine:entity/woodland_assassin","particle":"#0"},"elements":[{"from":[2.75,8.0,3.5],"to":[5.75,11.0,5.5],"faces":{"east":{"uv":[2.5,5.625,2.75,6.0],"tintindex":0,"rotation":0,"texture":"#0"},"south":{"uv":[11.0,7.625,11.375,8.0],"tintindex":0,"rotation":0,"texture":"#0"},"north":{"uv":[7.5,11.0,7.875,11.375],"tintindex":0,"rotation":0,"texture":"#0"},"west":{"uv":[9.375,3.25,9.625,3.625],"tintindex":0,"rotation":0,"texture":"#0"},"up":{"uv":[11.5,2.25,11.125,2.0],"tintindex":0,"rotation":0,"texture":"#0"},"down":{"uv":[11.5,2.25,11.125,2.5],"tintindex":0,"rotation":0,"texture":"#0"}},"rotation":{"origin":[4.25,9.5,4.5],"angle":-22.5,"axis":"z"}},{"from":[3.0,6.0,4.5],"to":[13.0,10.0,11.5],"faces":{"east":{"uv":[5.5,4.0,6.375,4.5],"tintindex":0,"rotation":0,"texture":"#0"},"south":{"uv":[9.75,1.625,11.0,2.125],"tintindex":0,"rotation":0,"texture":"#0"},"north":{"uv":[9.625,4.5,10.875,5.0],"tintindex":0,"rotation":0,"texture":"#0"},"west":{"uv":[9.75,8.375,10.625,8.875],"tintindex":0,"rotation":0,"texture":"#0"},"up":{"uv":[6.5,6.875,5.25,6.0],"tintindex":0,"rotation":0,"texture":"#0"},"down":{"uv":[1.25,6.5,0.0,7.375],"tintindex":0,"rotation":0,"texture":"#0"}}}],"display":{"gui":{"rotation":[-150.0,-45.0,180.0]}}}