{"textures":{"0":"modelengine:entity/woodland_assassin","particle":"#0"},"elements":[{"from":[6.0,-6.0,6.0],"to":[10.0,9.0,11.0],"faces":{"east":{"uv":[2.5,6.0,3.125,7.875],"tintindex":0,"rotation":0,"texture":"#0"},"south":{"uv":[7.625,3.625,8.125,5.5],"tintindex":0,"rotation":0,"texture":"#0"},"north":{"uv":[7.5,6.75,8.0,8.625],"tintindex":0,"rotation":0,"texture":"#0"},"west":{"uv":[3.125,6.0,3.75,7.875],"tintindex":0,"rotation":0,"texture":"#0"},"up":{"uv":[11.0,8.25,10.5,7.625],"tintindex":0,"rotation":0,"texture":"#0"},"down":{"uv":[11.125,2.125,10.625,2.75],"tintindex":0,"rotation":0,"texture":"#0"}}},{"from":[4.0,5.0,8.5],"to":[6.0,11.0,8.5],"faces":{"east":{"uv":[2.5,6.0,3.125,7.875],"tintindex":0,"rotation":0,"texture":"#0"},"south":{"uv":[4.5,3.375,4.75,4.125],"tintindex":0,"rotation":0,"texture":"#0"},"north":{"uv":[4.75,3.375,4.5,4.125],"tintindex":0,"rotation":0,"texture":"#0"},"west":{"uv":[3.125,6.0,3.75,7.875],"tintindex":0,"rotation":0,"texture":"#0"},"up":{"uv":[11.0,8.25,10.5,7.625],"tintindex":0,"rotation":0,"texture":"#0"},"down":{"uv":[11.125,2.125,10.625,2.75],"tintindex":0,"rotation":0,"texture":"#0"}},"rotation":{"origin":[6.0,8.0,8.5],"angle":22.5,"axis":"z"}}],"display":{"gui":{"rotation":[-150.0,-45.0,180.0]}}}