{"textures":{"0":"modelengine:entity/woodland_assassin","particle":"#0"},"elements":[{"from":[6.0,-2.0,5.0],"to":[10.0,8.0,9.0],"faces":{"east":{"uv":[5.0,9.625,5.5,10.875],"tintindex":0,"rotation":0,"texture":"#0"},"south":{"uv":[5.5,9.625,6.0,10.875],"tintindex":0,"rotation":0,"texture":"#0"},"north":{"uv":[4.5,9.625,5.0,10.875],"tintindex":0,"rotation":0,"texture":"#0"},"west":{"uv":[8.5,9.625,9.0,10.875],"tintindex":0,"rotation":0,"texture":"#0"},"up":{"uv":[3.75,8.375,3.25,7.875],"tintindex":0,"rotation":0,"texture":"#0"},"down":{"uv":[11.125,3.0,10.625,3.5],"tintindex":0,"rotation":0,"texture":"#0"}}},{"from":[1.0,1.0,7.0],"to":[7.0,5.0,7.0],"faces":{"south":{"uv":[10.0,6.375,10.75,6.875],"tintindex":0,"rotation":0,"texture":"#0"},"north":{"uv":[10.75,6.375,10.0,6.875],"tintindex":0,"rotation":0,"texture":"#0"}},"rotation":{"origin":[6.0,5.0,7.0],"angle":45.0,"axis":"y"}}],"display":{"gui":{"rotation":[-150.0,-45.0,180.0]}}}