{"textures":{"0":"modelengine:entity/woodland_assassin","particle":"#0"},"elements":[{"from":[7.5,0.0,5.5],"to":[12.5,11.0,10.5],"faces":{"east":{"uv":[8.25,2.25,8.875,3.625],"tintindex":0,"rotation":0,"texture":"#0"},"south":{"uv":[3.25,8.375,3.875,9.75],"tintindex":0,"rotation":0,"texture":"#0"},"north":{"uv":[8.0,8.125,8.625,9.5],"tintindex":0,"rotation":0,"texture":"#0"},"west":{"uv":[3.875,8.375,4.5,9.75],"tintindex":0,"rotation":0,"texture":"#0"},"up":{"uv":[2.875,10.875,2.25,10.25],"tintindex":0,"rotation":0,"texture":"#0"},"down":{"uv":[6.625,10.25,6.0,10.875],"tintindex":0,"rotation":0,"texture":"#0"}}},{"from":[11.5,1.0,6.5],"to":[15.5,6.0,6.5],"faces":{"east":{"uv":[15.875,15.875,16.0,16.0],"tintindex":0,"rotation":0,"texture":"#0"},"south":{"uv":[4.75,4.625,4.25,5.25],"tintindex":0,"rotation":0,"texture":"#0"},"north":{"uv":[4.25,4.625,4.75,5.25],"tintindex":0,"rotation":0,"texture":"#0"},"west":{"uv":[15.875,15.875,16.0,16.0],"tintindex":0,"rotation":0,"texture":"#0"},"up":{"uv":[15.875,15.875,16.0,16.0],"tintindex":0,"rotation":0,"texture":"#0"},"down":{"uv":[15.875,15.875,16.0,16.0],"tintindex":0,"rotation":0,"texture":"#0"}},"rotation":{"origin":[12.5,3.0,6.5],"angle":-22.5,"axis":"z"}}],"display":{"gui":{"rotation":[-150.0,-45.0,180.0]}}}