{"textures":{"0":"modelengine:entity/woodland_assassin","particle":"#0"},"elements":[{"from":[4.5,-2.0,7.0],"to":[11.5,10.0,9.0],"faces":{"east":{"uv":[6.625,10.25,6.875,11.75],"tintindex":0,"rotation":0,"texture":"#0"},"south":{"uv":[4.875,1.0,5.75,2.5],"tintindex":0,"rotation":0,"texture":"#0"},"north":{"uv":[1.625,4.625,2.5,6.125],"tintindex":0,"rotation":0,"texture":"#0"},"west":{"uv":[6.875,10.25,7.125,11.75],"tintindex":0,"rotation":0,"texture":"#0"},"up":{"uv":[11.5,6.25,10.625,6.0],"tintindex":0,"rotation":0,"texture":"#0"},"down":{"uv":[11.625,0.0,10.75,0.25],"tintindex":0,"rotation":0,"texture":"#0"}}}],"display":{"gui":{"rotation":[-150.0,-45.0,180.0]}}}