{"textures":{"0":"modelengine:entity/woodland_assassin","particle":"#0"},"elements":[{"from":[2.0,6.5,4.5],"to":[13.0,8.5,11.5],"faces":{"east":{"uv":[10.75,0.25,11.625,0.5],"tintindex":0,"rotation":0,"texture":"#0"},"south":{"uv":[10.5,7.375,11.875,7.625],"tintindex":0,"rotation":0,"texture":"#0"},"north":{"uv":[10.5,7.125,11.875,7.375],"tintindex":0,"rotation":0,"texture":"#0"},"west":{"uv":[10.75,0.5,11.625,0.75],"tintindex":0,"rotation":0,"texture":"#0"},"up":{"uv":[1.375,6.5,0.0,5.625],"tintindex":0,"rotation":0,"texture":"#0"},"down":{"uv":[7.125,1.0,5.75,1.875],"tintindex":0,"rotation":0,"texture":"#0"}},"rotation":{"origin":[8.0,8.0,8.0],"angle":22.5,"axis":"z"}},{"from":[4.5,6.0,4.25],"to":[8.5,9.0,4.25],"faces":{"south":{"uv":[7.625,3.625,7.125,4.0],"tintindex":0,"rotation":0,"texture":"#0"},"north":{"uv":[7.125,3.625,7.625,4.0],"tintindex":0,"rotation":0,"texture":"#0"}},"rotation":{"origin":[8.0,8.0,8.0],"angle":22.5,"axis":"z"}},{"from":[12.5,22.0,11.5],"to":[13.5,25.0,11.5],"faces":{"south":{"uv":[1.25,6.5,1.375,6.875],"tintindex":0,"rotation":0,"texture":"#0"},"north":{"uv":[1.25,6.5,1.375,6.875],"tintindex":0,"rotation":0,"texture":"#0"}},"rotation":{"origin":[14.0,19.0,11.5],"angle":-22.5,"axis":"z"}},{"from":[15.60999,21.580296,12.5],"to":[16.60999,24.580296,12.5],"faces":{"south":{"uv":[1.25,6.5,1.375,6.875],"tintindex":0,"rotation":0,"texture":"#0"},"north":{"uv":[1.25,6.5,1.375,6.875],"tintindex":0,"rotation":0,"texture":"#0"}},"rotation":{"origin":[15.60999,21.580296,12.5],"angle":-45.0,"axis":"z"}},{"from":[-5.8962812,17.076107,10.5],"to":[0.10371828,21.076107,10.5],"faces":{"south":{"uv":[10.0,6.375,10.75,6.875],"tintindex":0,"rotation":0,"texture":"#0"},"north":{"uv":[10.75,6.375,10.0,6.875],"tintindex":0,"rotation":0,"texture":"#0"}},"rotation":{"origin":[-1.8962812,19.576107,8.0],"angle":-22.5,"axis":"z"}},{"from":[11.5,14.0,9.0],"to":[16.5,22.0,14.0],"faces":{"east":{"uv":[6.875,9.25,7.5,10.25],"tintindex":0,"rotation":0,"texture":"#0"},"south":{"uv":[0.0,9.375,0.625,10.375],"tintindex":0,"rotation":0,"texture":"#0"},"north":{"uv":[6.25,9.25,6.875,10.25],"tintindex":0,"rotation":0,"texture":"#0"},"west":{"uv":[0.625,9.5,1.25,10.5],"tintindex":0,"rotation":0,"texture":"#0"},"up":{"uv":[10.75,9.5,10.125,8.875],"tintindex":0,"rotation":0,"texture":"#0"},"down":{"uv":[10.125,10.125,9.5,10.75],"tintindex":0,"rotation":0,"texture":"#0"}},"rotation":{"origin":[14.0,19.0,11.5],"angle":-22.5,"axis":"z"}},{"from":[1.5,9.0,4.0],"to":[14.5,15.0,12.0],"faces":{"east":{"uv":[8.875,2.5,9.875,3.25],"tintindex":0,"rotation":0,"texture":"#0"},"south":{"uv":[5.0,5.25,6.625,6.0],"tintindex":0,"rotation":0,"texture":"#0"},"north":{"uv":[5.0,4.5,6.625,5.25],"tintindex":0,"rotation":0,"texture":"#0"},"west":{"uv":[8.875,5.375,9.875,6.125],"tintindex":0,"rotation":0,"texture":"#0"},"up":{"uv":[1.625,5.625,0.0,4.625],"tintindex":0,"rotation":0,"texture":"#0"},"down":{"uv":[6.5,0.0,4.875,1.0],"tintindex":0,"rotation":0,"texture":"#0"}}},{"from":[3.5,2.0,5.0],"to":[12.5,9.0,11.0],"faces":{"east":{"uv":[9.0,6.875,9.75,7.75],"tintindex":0,"rotation":0,"texture":"#0"},"south":{"uv":[3.75,7.5,4.875,8.375],"tintindex":0,"rotation":0,"texture":"#0"},"north":{"uv":[7.125,2.75,8.25,3.625],"tintindex":0,"rotation":0,"texture":"#0"},"west":{"uv":[9.125,0.0,9.875,0.875],"tintindex":0,"rotation":0,"texture":"#0"},"up":{"uv":[9.75,8.875,8.625,8.125],"tintindex":0,"rotation":0,"texture":"#0"},"down":{"uv":[9.875,0.875,8.75,1.625],"tintindex":0,"rotation":0,"texture":"#0"}}},{"from":[-5.5,13.5,5.0],"to":[0.5,15.5,11.0],"faces":{"east":{"uv":[4.5,10.875,5.25,11.125],"tintindex":0,"rotation":0,"texture":"#0"},"south":{"uv":[10.875,4.5,11.625,4.75],"tintindex":0,"rotation":0,"texture":"#0"},"north":{"uv":[9.0,7.75,9.75,8.0],"tintindex":0,"rotation":0,"texture":"#0"},"west":{"uv":[10.875,4.75,11.625,5.0],"tintindex":0,"rotation":0,"texture":"#0"},"up":{"uv":[10.5,7.625,9.75,6.875],"tintindex":0,"rotation":0,"texture":"#0"},"down":{"uv":[10.5,7.625,9.75,8.375],"tintindex":0,"rotation":0,"texture":"#0"}},"rotation":{"origin":[-2.5,14.0,8.0],"angle":22.5,"axis":"z"}},{"from":[-5.0,14.5,4.5],"to":[3.0,19.5,11.5],"faces":{"east":{"uv":[9.875,0.0,10.75,0.625],"tintindex":0,"rotation":0,"texture":"#0"},"south":{"uv":[1.25,9.5,2.25,10.125],"tintindex":0,"rotation":0,"texture":"#0"},"north":{"uv":[5.75,1.875,6.75,2.5],"tintindex":0,"rotation":0,"texture":"#0"},"west":{"uv":[9.875,0.625,10.75,1.25],"tintindex":0,"rotation":0,"texture":"#0"},"up":{"uv":[3.25,8.75,2.25,7.875],"tintindex":0,"rotation":0,"texture":"#0"},"down":{"uv":[5.875,7.875,4.875,8.75],"tintindex":0,"rotation":0,"texture":"#0"}},"rotation":{"origin":[-1.5,14.0,8.0],"angle":-22.5,"axis":"z"}},{"from":[2.475,12.975,2.475],"to":[13.525,19.025,15.525],"faces":{"east":{"uv":[5.5,2.5,7.125,3.25],"tintindex":0,"rotation":0,"texture":"#0"},"south":{"uv":[6.5,6.0,7.875,6.75],"tintindex":0,"rotation":0,"texture":"#0"},"north":{"uv":[6.5,0.0,7.875,0.75],"tintindex":0,"rotation":0,"texture":"#0"},"west":{"uv":[5.5,3.25,7.125,4.0],"tintindex":0,"rotation":0,"texture":"#0"},"up":{"uv":[1.375,4.625,0.0,3.0],"tintindex":0,"rotation":0,"texture":"#0"},"down":{"uv":[2.75,3.0,1.375,4.625],"tintindex":0,"rotation":0,"texture":"#0"}},"rotation":{"origin":[8.0,15.0,10.5],"angle":-22.5,"axis":"x"}},{"from":[-5.8962812,17.076107,6.5],"to":[2.1037183,22.076107,6.5],"faces":{"south":{"uv":[2.25,9.625,3.25,10.25],"tintindex":0,"rotation":0,"texture":"#0"},"north":{"uv":[3.25,9.625,2.25,10.25],"tintindex":0,"rotation":0,"texture":"#0"}},"rotation":{"origin":[-1.8962812,19.576107,8.0],"angle":-45.0,"axis":"z"}},{"from":[14.862221,24.41596,11.49],"to":[17.882221,27.43596,11.51],"faces":{"east":{"uv":[15.875,15.875,16.0,16.0],"tintindex":0,"rotation":0,"texture":"#0"},"south":{"uv":[4.5,8.375,4.875,8.75],"tintindex":0,"rotation":0,"texture":"#0"},"north":{"uv":[4.875,8.375,4.5,8.75],"tintindex":0,"rotation":0,"texture":"#0"},"west":{"uv":[15.875,15.875,16.0,16.0],"tintindex":0,"rotation":0,"texture":"#0"},"up":{"uv":[15.875,15.875,16.0,16.0],"tintindex":0,"rotation":0,"texture":"#0"},"down":{"uv":[15.875,15.875,16.0,16.0],"tintindex":0,"rotation":0,"texture":"#0"}},"rotation":{"origin":[15.372221,24.92596,11.5],"angle":22.5,"axis":"z"}},{"from":[17.574863,22.838064,12.49],"to":[20.594864,25.858065,12.51],"faces":{"east":{"uv":[15.875,15.875,16.0,16.0],"tintindex":0,"rotation":0,"texture":"#0"},"south":{"uv":[4.5,8.375,4.875,8.75],"tintindex":0,"rotation":0,"texture":"#0"},"north":{"uv":[4.875,8.375,4.5,8.75],"tintindex":0,"rotation":0,"texture":"#0"},"west":{"uv":[15.875,15.875,16.0,16.0],"tintindex":0,"rotation":0,"texture":"#0"},"up":{"uv":[15.875,15.875,16.0,16.0],"tintindex":0,"rotation":0,"texture":"#0"},"down":{"uv":[15.875,15.875,16.0,16.0],"tintindex":0,"rotation":0,"texture":"#0"}},"rotation":{"origin":[15.60999,21.580296,12.5],"angle":0.0,"axis":"z"}}],"display":{"gui":{"rotation":[-150.0,-45.0,180.0]}}}