{"textures":{"0":"modelengine:entity/glow_berry_cloud","particle":"#0"},"elements":[{"from":[6.5,-0.5,8.0],"to":[9.5,16.5,8.0],"faces":{"east":{"uv":[15.75,15.75,16.0,16.0],"tintindex":0,"rotation":270,"texture":"#0"},"south":{"uv":[0.0,15.25,4.25,16.0],"tintindex":0,"rotation":90,"texture":"#0"},"north":{"uv":[0.0,15.25,4.25,16.0],"tintindex":0,"rotation":270,"texture":"#0"},"west":{"uv":[15.75,15.75,16.0,16.0],"tintindex":0,"rotation":270,"texture":"#0"},"up":{"uv":[15.75,15.75,16.0,16.0],"tintindex":0,"rotation":90,"texture":"#0"},"down":{"uv":[15.75,15.75,16.0,16.0],"tintindex":0,"rotation":90,"texture":"#0"}}},{"from":[8.0,-0.5,6.5],"to":[8.0,16.5,9.5],"faces":{"east":{"uv":[0.0,15.25,4.25,16.0],"tintindex":0,"rotation":90,"texture":"#0"},"south":{"uv":[15.75,15.75,16.0,16.0],"tintindex":0,"rotation":270,"texture":"#0"},"north":{"uv":[15.75,15.75,16.0,16.0],"tintindex":0,"rotation":270,"texture":"#0"},"west":{"uv":[0.0,15.25,4.25,16.0],"tintindex":0,"rotation":270,"texture":"#0"},"up":{"uv":[15.75,15.75,16.0,16.0],"tintindex":0,"rotation":0,"texture":"#0"},"down":{"uv":[15.75,15.75,16.0,16.0],"tintindex":0,"rotation":180,"texture":"#0"}}}],"display":{"gui":{"rotation":[-150.0,-45.0,180.0]}}}