{"textures":{"0":"modelengine:entity/leaf_spiral_projectile","particle":"#0"},"elements":[{"from":[10.0,10.0,10.0],"to":[6.0,6.0,6.0],"faces":{"east":{"uv":[4.5,3.5,6.0,5.0],"tintindex":0,"rotation":0,"texture":"#0"},"south":{"uv":[0.0,5.0,1.5,6.5],"tintindex":0,"rotation":0,"texture":"#0"},"north":{"uv":[4.5,2.0,6.0,3.5],"tintindex":0,"rotation":0,"texture":"#0"},"west":{"uv":[5.0,0.0,6.5,1.5],"tintindex":0,"rotation":0,"texture":"#0"},"up":{"uv":[3.0,6.5,1.5,5.0],"tintindex":0,"rotation":0,"texture":"#0"},"down":{"uv":[4.5,5.0,3.0,6.5],"tintindex":0,"rotation":0,"texture":"#0"}}},{"from":[6.5,6.5,6.5],"to":[9.5,9.5,9.5],"faces":{"east":{"uv":[1.5,2.0,3.0,3.5],"tintindex":0,"rotation":0,"texture":"#0"},"south":{"uv":[3.0,2.0,4.5,3.5],"tintindex":0,"rotation":0,"texture":"#0"},"north":{"uv":[0.0,2.0,1.5,3.5],"tintindex":0,"rotation":0,"texture":"#0"},"west":{"uv":[0.0,3.5,1.5,5.0],"tintindex":0,"rotation":0,"texture":"#0"},"up":{"uv":[3.0,5.0,1.5,3.5],"tintindex":0,"rotation":0,"texture":"#0"},"down":{"uv":[4.5,3.5,3.0,5.0],"tintindex":0,"rotation":0,"texture":"#0"}}}],"display":{"gui":{"rotation":[-150.0,-45.0,180.0]}}}