{"textures":{"0":"modelengine:entity/root_snare","particle":"#0"},"elements":[{"from":[8.0,11.5,0.0],"to":[8.0,13.0,3.5],"faces":{"east":{"uv":[7.25,0.0,9.0,0.75],"tintindex":0,"rotation":0,"texture":"#0"},"west":{"uv":[9.0,0.0,7.25,0.75],"tintindex":0,"rotation":0,"texture":"#0"}},"rotation":{"origin":[8.0,11.5,2.5],"angle":22.5,"axis":"x"}},{"from":[7.823223,10.25,-1.6767769],"to":[10.323223,10.25,2.823223],"faces":{"up":{"uv":[2.5,6.5,1.25,4.25],"tintindex":0,"rotation":0,"texture":"#0"},"down":{"uv":[2.5,4.25,1.25,6.5],"tintindex":0,"rotation":0,"texture":"#0"}},"rotation":{"origin":[9.0,11.5,0.0],"angle":22.5,"axis":"y"}},{"from":[8.0,9.700236,5.791189],"to":[8.0,12.200236,9.791189],"faces":{"east":{"uv":[5.25,0.0,7.25,1.25],"tintindex":0,"rotation":0,"texture":"#0"},"west":{"uv":[7.25,0.0,5.25,1.25],"tintindex":0,"rotation":0,"texture":"#0"}},"rotation":{"origin":[8.0005,10.200236,8.791189],"angle":-22.5,"axis":"y"}},{"from":[2.6286798,10.25,-3.6213207],"to":[6.6286798,10.25,-2.1213207],"faces":{"up":{"uv":[8.5,7.75,6.5,7.0],"tintindex":0,"rotation":0,"texture":"#0"},"down":{"uv":[8.5,7.0,6.5,7.75],"tintindex":0,"rotation":0,"texture":"#0"}},"rotation":{"origin":[6.6286798,10.2505,-2.1213207],"angle":-22.5,"axis":"y"}},{"from":[-0.31586456,9.5,-3.0052032],"to":[4.684136,11.0,-3.0052032],"faces":{"south":{"uv":[1.25,6.75,3.75,7.5],"tintindex":0,"rotation":0,"texture":"#0"},"north":{"uv":[3.75,6.75,1.25,7.5],"tintindex":0,"rotation":0,"texture":"#0"}},"rotation":{"origin":[4.684136,9.5,-3.0052032],"angle":22.5,"axis":"y"}},{"from":[7.25,9.25,-5.0],"to":[8.75,11.25,0.0],"faces":{"east":{"uv":[4.5,4.25,7.0,5.25],"tintindex":0,"rotation":0,"texture":"#0"},"south":{"uv":[2.0,7.5,2.75,8.5],"tintindex":0,"rotation":0,"texture":"#0"},"north":{"uv":[7.25,1.5,8.0,2.5],"tintindex":0,"rotation":0,"texture":"#0"},"west":{"uv":[4.5,5.25,7.0,6.25],"tintindex":0,"rotation":0,"texture":"#0"},"up":{"uv":[4.5,9.25,3.75,6.75],"tintindex":0,"rotation":0,"texture":"#0"},"down":{"uv":[7.75,4.0,7.0,6.5],"tintindex":0,"rotation":0,"texture":"#0"}},"rotation":{"origin":[8.75,9.25,0.0],"angle":45.0,"axis":"y"}},{"from":[7.0,9.0,0.0],"to":[9.0,11.5,5.0],"faces":{"east":{"uv":[1.25,3.0,3.75,4.25],"tintindex":0,"rotation":0,"texture":"#0"},"south":{"uv":[1.0,7.5,2.0,8.75],"tintindex":0,"rotation":0,"texture":"#0"},"north":{"uv":[0.0,7.5,1.0,8.75],"tintindex":0,"rotation":0,"texture":"#0"},"west":{"uv":[3.75,3.0,6.25,4.25],"tintindex":0,"rotation":0,"texture":"#0"},"up":{"uv":[3.5,6.75,2.5,4.25],"tintindex":0,"rotation":0,"texture":"#0"},"down":{"uv":[4.5,4.25,3.5,6.75],"tintindex":0,"rotation":0,"texture":"#0"}}},{"from":[6.75,8.75,5.0],"to":[9.25,11.75,11.0],"faces":{"east":{"uv":[0.0,0.0,3.0,1.5],"tintindex":0,"rotation":0,"texture":"#0"},"south":{"uv":[6.25,2.5,7.5,4.0],"tintindex":0,"rotation":0,"texture":"#0"},"north":{"uv":[0.0,6.0,1.25,7.5],"tintindex":0,"rotation":0,"texture":"#0"},"west":{"uv":[0.0,1.5,3.0,3.0],"tintindex":0,"rotation":0,"texture":"#0"},"up":{"uv":[1.25,6.0,0.0,3.0],"tintindex":0,"rotation":0,"texture":"#0"},"down":{"uv":[4.25,0.0,3.0,3.0],"tintindex":0,"rotation":0,"texture":"#0"}},"rotation":{"origin":[9.0,11.5,5.0],"angle":22.5,"axis":"x"}}],"display":{"gui":{"rotation":[-150.0,-45.0,180.0]}}}