{"textures":{"0":"modelengine:entity/leaf_explosion","particle":"#0"},"elements":[{"from":[4.0,5.0,2.0],"to":[12.0,5.0,14.0],"faces":{"up":{"uv":[4.0,6.0,0.0,0.0],"tintindex":0,"rotation":0,"texture":"#0"},"down":{"uv":[4.0,0.0,0.0,6.0],"tintindex":0,"rotation":0,"texture":"#0"}},"rotation":{"origin":[8.0,8.0,8.0],"angle":22.5,"axis":"y"}},{"from":[9.0,10.0,-2.0],"to":[15.0,10.0,6.0],"faces":{"up":{"uv":[11.0,12.0,8.0,8.0],"tintindex":0,"rotation":0,"texture":"#0"},"down":{"uv":[11.0,8.0,8.0,12.0],"tintindex":0,"rotation":0,"texture":"#0"}},"rotation":{"origin":[12.0,10.0,2.0],"angle":-22.5,"axis":"y"}},{"from":[8.0,14.0,6.0],"to":[16.0,14.0,18.0],"faces":{"up":{"uv":[4.0,12.0,0.0,6.0],"tintindex":0,"rotation":0,"texture":"#0"},"down":{"uv":[4.0,6.0,0.0,12.0],"tintindex":0,"rotation":0,"texture":"#0"}},"rotation":{"origin":[12.0,12.0,8.0],"angle":-22.5,"axis":"x"}},{"from":[-1.0,10.0,4.0],"to":[9.0,10.0,12.0],"faces":{"up":{"uv":[13.0,4.0,8.0,0.0],"tintindex":0,"rotation":0,"texture":"#0"},"down":{"uv":[13.0,0.0,8.0,4.0],"tintindex":0,"rotation":0,"texture":"#0"}},"rotation":{"origin":[4.0,10.0,8.0],"angle":-22.5,"axis":"z"}}],"display":{"gui":{"rotation":[-150.0,-45.0,180.0]}}}