{"textures":{"0":"modelengine:entity/lady_of_the_forest","particle":"#0"},"elements":[{"from":[12.0,10.5,5.0],"to":[17.0,13.5,5.0],"faces":{"south":{"uv":[8.25,4.875,8.875,5.25],"tintindex":0,"rotation":0,"texture":"#0"},"north":{"uv":[8.875,4.875,8.25,5.25],"tintindex":0,"rotation":0,"texture":"#0"}},"rotation":{"origin":[12.0,11.25,5.0],"angle":-22.5,"axis":"y"}},{"from":[7.0,16.0,5.0],"to":[9.0,20.0,5.0],"faces":{"south":{"uv":[5.625,7.625,5.375,8.125],"tintindex":0,"rotation":0,"texture":"#0"},"north":{"uv":[5.375,7.625,5.625,8.125],"tintindex":0,"rotation":0,"texture":"#0"}},"rotation":{"origin":[8.0,16.0,5.0],"angle":22.5,"axis":"x"}},{"from":[-1.0,10.5,5.0],"to":[4.0,13.5,5.0],"faces":{"south":{"uv":[8.875,4.875,8.25,5.25],"tintindex":0,"rotation":0,"texture":"#0"},"north":{"uv":[8.25,4.875,8.875,5.25],"tintindex":0,"rotation":0,"texture":"#0"}},"rotation":{"origin":[4.0,11.25,5.0],"angle":22.5,"axis":"y"}}],"display":{"gui":{"rotation":[-150.0,-45.0,180.0]}}}