{"textures":{"0":"modelengine:entity/lady_of_the_forest","particle":"#0"},"elements":[{"from":[4.5,5.0,9.0],"to":[6.5,11.0,9.0],"faces":{"south":{"uv":[1.625,7.5,1.875,8.25],"tintindex":0,"rotation":0,"texture":"#0"},"north":{"uv":[1.875,7.5,1.625,8.25],"tintindex":0,"rotation":0,"texture":"#0"}},"rotation":{"origin":[6.5,8.0,9.0],"angle":22.5,"axis":"z"}},{"from":[6.5,-6.0,8.0],"to":[9.5,8.0,12.0],"faces":{"east":{"uv":[4.0,4.0,4.5,5.75],"tintindex":0,"rotation":0,"texture":"#0"},"south":{"uv":[5.0,0.0,5.375,1.75],"tintindex":0,"rotation":0,"texture":"#0"},"north":{"uv":[4.625,0.0,5.0,1.75],"tintindex":0,"rotation":0,"texture":"#0"},"west":{"uv":[0.0,4.5,0.5,6.25],"tintindex":0,"rotation":0,"texture":"#0"},"up":{"uv":[4.5,8.125,4.125,7.625],"tintindex":0,"rotation":0,"texture":"#0"},"down":{"uv":[8.0,4.125,7.625,4.625],"tintindex":0,"rotation":0,"texture":"#0"}}}],"display":{"gui":{"rotation":[-150.0,-45.0,180.0]}}}