{"textures":{"0":"modelengine:entity/lady_of_the_forest","particle":"#0"},"elements":[{"from":[5.525,4.0,3.5],"to":[8.525,8.0,6.5],"faces":{"east":{"uv":[7.5,5.75,7.875,6.25],"tintindex":0,"rotation":0,"texture":"#0"},"south":{"uv":[6.375,7.5,6.75,8.0],"tintindex":0,"rotation":0,"texture":"#0"},"north":{"uv":[3.625,5.25,4.0,5.75],"tintindex":0,"rotation":0,"texture":"#0"},"west":{"uv":[6.75,7.5,7.125,8.0],"tintindex":0,"rotation":0,"texture":"#0"},"up":{"uv":[5.375,8.0,5.0,7.625],"tintindex":0,"rotation":0,"texture":"#0"},"down":{"uv":[8.0,5.0,7.625,5.375],"tintindex":0,"rotation":0,"texture":"#0"}},"rotation":{"origin":[7.025,6.0,5.0],"angle":22.5,"axis":"z"}},{"from":[6.015,4.99,3.99],"to":[10.035,9.01,9.01],"faces":{"east":{"uv":[6.5,6.5,7.125,7.0],"tintindex":0,"rotation":0,"texture":"#0"},"south":{"uv":[7.0,7.0,7.5,7.5],"tintindex":0,"rotation":0,"texture":"#0"},"north":{"uv":[6.5,7.0,7.0,7.5],"tintindex":0,"rotation":0,"texture":"#0"},"west":{"uv":[6.625,2.25,7.25,2.75],"tintindex":0,"rotation":0,"texture":"#0"},"up":{"uv":[7.25,2.125,6.75,1.5],"tintindex":0,"rotation":0,"texture":"#0"},"down":{"uv":[7.25,4.75,6.75,5.375],"tintindex":0,"rotation":0,"texture":"#0"}}}],"display":{"gui":{"rotation":[-150.0,-45.0,180.0]}}}