{"textures":{"0":"modelengine:entity/lady_of_the_forest","particle":"#0"},"elements":[{"from":[6.0,6.0,6.0],"to":[10.0,10.0,10.0],"faces":{"east":{"uv":[0.5,9.875,0.0,10.375],"tintindex":0,"rotation":0,"texture":"#0"},"south":{"uv":[1.0,9.875,0.5,10.375],"tintindex":0,"rotation":0,"texture":"#0"},"north":{"uv":[0.5,8.875,0.0,9.375],"tintindex":0,"rotation":0,"texture":"#0"},"west":{"uv":[0.5,9.375,1.0,8.875],"tintindex":0,"rotation":270,"texture":"#0"},"up":{"uv":[1.0,9.375,0.5,9.875],"tintindex":0,"rotation":0,"texture":"#0"},"down":{"uv":[0.5,9.375,0.0,9.875],"tintindex":0,"rotation":0,"texture":"#0"}}}],"display":{"gui":{"rotation":[-150.0,-45.0,180.0]}}}