{"textures":{"0":"modelengine:entity/lady_of_the_forest","particle":"#0"},"elements":[{"from":[6.5,-3.0,5.0],"to":[11.5,11.0,11.0],"faces":{"east":{"uv":[0.75,2.75,0.0,4.5],"tintindex":0,"rotation":0,"texture":"#0"},"south":{"uv":[3.625,1.25,3.0,3.0],"tintindex":0,"rotation":0,"texture":"#0"},"north":{"uv":[2.25,2.75,1.625,4.5],"tintindex":0,"rotation":0,"texture":"#0"},"west":{"uv":[3.0,1.5,2.25,3.25],"tintindex":0,"rotation":0,"texture":"#0"},"up":{"uv":[1.5,6.5,2.125,5.75],"tintindex":0,"rotation":0,"texture":"#0"},"down":{"uv":[6.125,1.5,6.75,2.25],"tintindex":0,"rotation":0,"texture":"#0"}}},{"from":[8.5,8.0,5.5],"to":[11.5,13.0,10.5],"faces":{"east":{"uv":[5.0,6.25,4.375,6.875],"tintindex":0,"rotation":0,"texture":"#0"},"south":{"uv":[1.0,7.375,0.625,8.0],"tintindex":0,"rotation":0,"texture":"#0"},"north":{"uv":[0.625,7.375,0.25,8.0],"tintindex":0,"rotation":0,"texture":"#0"},"west":{"uv":[6.75,5.125,6.125,5.75],"tintindex":0,"rotation":0,"texture":"#0"},"up":{"uv":[2.125,8.0,2.5,7.375],"tintindex":0,"rotation":0,"texture":"#0"},"down":{"uv":[2.5,7.375,2.875,8.0],"tintindex":0,"rotation":0,"texture":"#0"}},"rotation":{"origin":[11.5,8.0,8.0],"angle":-22.5,"axis":"z"}}],"display":{"gui":{"rotation":[-150.0,-45.0,180.0]}}}