{"textures":{"0":"modelengine:entity/lady_of_the_forest","particle":"#0"},"elements":[{"from":[3.5,-1.0,7.5],"to":[12.5,9.0,8.5],"faces":{"east":{"uv":[1.125,1.5,1.0,2.75],"tintindex":0,"rotation":0,"texture":"#0"},"south":{"uv":[0.0,1.5,1.125,2.75],"tintindex":0,"rotation":0,"texture":"#0"},"north":{"uv":[1.125,1.5,0.0,2.75],"tintindex":0,"rotation":0,"texture":"#0"},"west":{"uv":[0.125,1.5,0.0,2.75],"tintindex":0,"rotation":0,"texture":"#0"},"up":{"uv":[0.0,1.625,1.125,1.5],"tintindex":0,"rotation":0,"texture":"#0"},"down":{"uv":[0.0,2.625,1.125,2.75],"tintindex":0,"rotation":0,"texture":"#0"}}}],"display":{"gui":{"rotation":[-150.0,-45.0,180.0]}}}