{"textures":{"0":"modelengine:entity/lady_of_the_forest","particle":"#0"},"elements":[{"from":[6.5,-1.0,6.0],"to":[9.5,8.0,10.0],"faces":{"east":{"uv":[2.125,5.0,2.625,6.125],"tintindex":0,"rotation":0,"texture":"#0"},"south":{"uv":[0.75,6.25,1.125,7.375],"tintindex":0,"rotation":0,"texture":"#0"},"north":{"uv":[0.375,6.25,0.75,7.375],"tintindex":0,"rotation":0,"texture":"#0"},"west":{"uv":[2.625,5.0,3.125,6.125],"tintindex":0,"rotation":0,"texture":"#0"},"up":{"uv":[8.0,1.25,7.625,0.75],"tintindex":0,"rotation":0,"texture":"#0"},"down":{"uv":[8.0,3.25,7.625,3.75],"tintindex":0,"rotation":0,"texture":"#0"}}}],"display":{"gui":{"rotation":[-150.0,-45.0,180.0]}}}