{"textures":{"0":"modelengine:entity/lady_of_the_forest","particle":"#0"},"elements":[{"from":[7.0,0.0,5.0],"to":[9.0,8.0,8.0],"faces":{"east":{"uv":[1.125,6.25,1.5,7.25],"tintindex":0,"rotation":0,"texture":"#0"},"south":{"uv":[0.0,7.375,0.25,8.375],"tintindex":0,"rotation":0,"texture":"#0"},"north":{"uv":[1.125,7.25,1.375,8.25],"tintindex":0,"rotation":0,"texture":"#0"},"west":{"uv":[1.5,6.5,1.875,7.5],"tintindex":0,"rotation":0,"texture":"#0"},"up":{"uv":[6.75,5.125,6.5,4.75],"tintindex":0,"rotation":0,"texture":"#0"},"down":{"uv":[8.0,7.75,7.75,8.125],"tintindex":0,"rotation":0,"texture":"#0"}}}],"display":{"gui":{"rotation":[-150.0,-45.0,180.0]}}}