{"textures":{"0":"modelengine:entity/lady_of_the_forest","particle":"#0"},"elements":[{"from":[6.75,6.0,8.0],"to":[9.75,8.0,8.0],"faces":{"east":{"uv":[15.875,15.875,16.0,16.0],"tintindex":0,"rotation":270,"texture":"#0"},"south":{"uv":[0.0,8.5,0.375,8.75],"tintindex":0,"rotation":0,"texture":"#0"},"north":{"uv":[0.0,8.5,0.375,8.75],"tintindex":0,"rotation":0,"texture":"#0"},"west":{"uv":[15.875,15.875,16.0,16.0],"tintindex":0,"rotation":0,"texture":"#0"},"up":{"uv":[15.875,15.875,16.0,16.0],"tintindex":0,"rotation":0,"texture":"#0"},"down":{"uv":[15.875,15.875,16.0,16.0],"tintindex":0,"rotation":0,"texture":"#0"}},"rotation":{"origin":[8.75,6.0,8.0],"angle":-22.5,"axis":"z"}},{"from":[7.25,2.0,6.0],"to":[11.25,6.0,10.0],"faces":{"east":{"uv":[0.5,8.875,1.0,9.375],"tintindex":0,"rotation":270,"texture":"#0"},"south":{"uv":[0.5,9.875,1.0,10.375],"tintindex":0,"rotation":0,"texture":"#0"},"north":{"uv":[0.0,8.875,0.5,9.375],"tintindex":0,"rotation":0,"texture":"#0"},"west":{"uv":[0.0,9.875,0.5,10.375],"tintindex":0,"rotation":0,"texture":"#0"},"up":{"uv":[0.5,9.375,1.0,9.875],"tintindex":0,"rotation":0,"texture":"#0"},"down":{"uv":[0.0,9.375,0.5,9.875],"tintindex":0,"rotation":0,"texture":"#0"}}}],"display":{"gui":{"rotation":[-150.0,-45.0,180.0]}}}