{"textures":{"0":"modelengine:entity/lady_of_the_forest","particle":"#0"},"elements":[{"from":[0.0,8.0,0.0],"to":[16.0,24.0,16.0],"faces":{"east":{"uv":[14.0,0.0,16.0,2.0],"tintindex":0,"rotation":0,"texture":"#0"},"south":{"uv":[14.0,0.0,16.0,2.0],"tintindex":0,"rotation":0,"texture":"#0"},"north":{"uv":[14.0,0.0,16.0,2.0],"tintindex":0,"rotation":0,"texture":"#0"},"west":{"uv":[14.0,0.0,16.0,2.0],"tintindex":0,"rotation":0,"texture":"#0"},"up":{"uv":[14.0,2.0,16.0,4.0],"tintindex":0,"rotation":0,"texture":"#0"},"down":{"uv":[12.0,2.0,14.0,4.0],"tintindex":0,"rotation":0,"texture":"#0"}}},{"from":[-5.0,19.0,3.0],"to":[0.0,22.0,5.0],"faces":{"east":{"uv":[10.625,0.0,10.875,0.375],"tintindex":0,"rotation":0,"texture":"#0"},"south":{"uv":[10.875,0.0,11.5,0.375],"tintindex":0,"rotation":0,"texture":"#0"},"north":{"uv":[10.875,0.375,11.5,0.75],"tintindex":0,"rotation":0,"texture":"#0"},"west":{"uv":[10.625,0.375,10.875,0.75],"tintindex":0,"rotation":0,"texture":"#0"},"up":{"uv":[11.5,0.0,12.125,0.25],"tintindex":0,"rotation":0,"texture":"#0"},"down":{"uv":[11.5,0.25,12.125,0.5],"tintindex":0,"rotation":0,"texture":"#0"}},"rotation":{"origin":[0.0,19.0,3.0],"angle":-45.0,"axis":"z"}}],"display":{"gui":{"rotation":[-150.0,-45.0,180.0]}}}