{"textures":{"0":"modelengine:entity/lady_of_the_forest","particle":"#0"},"elements":[{"from":[6.0,1.0,7.5],"to":[10.0,8.0,8.5],"faces":{"east":{"uv":[7.125,7.75,7.25,8.625],"tintindex":0,"rotation":0,"texture":"#0"},"south":{"uv":[2.625,6.125,3.125,7.0],"tintindex":0,"rotation":0,"texture":"#0"},"north":{"uv":[2.125,6.125,2.625,7.0],"tintindex":0,"rotation":0,"texture":"#0"},"west":{"uv":[7.25,7.75,7.375,8.625],"tintindex":0,"rotation":0,"texture":"#0"},"up":{"uv":[2.75,4.0,2.25,3.875],"tintindex":0,"rotation":0,"texture":"#0"},"down":{"uv":[7.25,2.125,6.75,2.25],"tintindex":0,"rotation":0,"texture":"#0"}}}],"display":{"gui":{"rotation":[-150.0,-45.0,180.0]}}}