{"textures":{"0":"modelengine:entity/lady_of_the_forest","particle":"#0"},"elements":[{"from":[10.0,7.0,8.0],"to":[13.0,9.0,8.0],"faces":{"south":{"uv":[7.25,1.25,6.875,1.5],"tintindex":0,"rotation":0,"texture":"#0"},"north":{"uv":[6.875,1.25,7.25,1.5],"tintindex":0,"rotation":0,"texture":"#0"}},"rotation":{"origin":[10.0,8.5,8.0],"angle":22.5,"axis":"y"}},{"from":[9.75,8.0,12.75],"to":[9.75,9.0,13.75],"faces":{"east":{"uv":[4.375,6.0,4.5,6.125],"tintindex":0,"rotation":0,"texture":"#0"},"west":{"uv":[4.375,6.0,4.5,6.125],"tintindex":0,"rotation":0,"texture":"#0"}},"rotation":{"origin":[9.750999,8.0,13.75],"angle":-45.0,"axis":"x"}},{"from":[3.0,7.0,8.0],"to":[6.0,9.0,8.0],"faces":{"south":{"uv":[6.875,1.25,7.25,1.5],"tintindex":0,"rotation":0,"texture":"#0"},"north":{"uv":[7.25,1.25,6.875,1.5],"tintindex":0,"rotation":0,"texture":"#0"}},"rotation":{"origin":[6.0,8.5,8.0],"angle":-22.5,"axis":"y"}},{"from":[5.975,4.975,7.975],"to":[10.025,8.025,14.025],"faces":{"east":{"uv":[6.875,0.5,7.625,0.875],"tintindex":0,"rotation":0,"texture":"#0"},"south":{"uv":[7.625,0.375,8.125,0.75],"tintindex":0,"rotation":0,"texture":"#0"},"north":{"uv":[7.5,7.125,8.0,7.5],"tintindex":0,"rotation":0,"texture":"#0"},"west":{"uv":[6.875,0.875,7.625,1.25],"tintindex":0,"rotation":0,"texture":"#0"},"up":{"uv":[6.875,1.5,6.375,0.75],"tintindex":0,"rotation":0,"texture":"#0"},"down":{"uv":[4.125,6.375,3.625,7.125],"tintindex":0,"rotation":0,"texture":"#0"}}},{"from":[6.25,8.0,12.75],"to":[6.25,9.0,13.75],"faces":{"east":{"uv":[4.375,6.0,4.5,6.125],"tintindex":0,"rotation":0,"texture":"#0"},"west":{"uv":[4.375,6.0,4.5,6.125],"tintindex":0,"rotation":0,"texture":"#0"}},"rotation":{"origin":[9.750999,8.0,13.75],"angle":-45.0,"axis":"x"}}],"display":{"gui":{"rotation":[-150.0,-45.0,180.0]}}}