{"textures":{"0":"modelengine:entity/lady_of_the_forest","particle":"#0"},"elements":[{"from":[6.0,6.0,8.0],"to":[10.0,10.0,16.0],"faces":{"east":{"uv":[5.375,0.0,6.375,0.5],"tintindex":0,"rotation":0,"texture":"#0"},"south":{"uv":[7.125,6.375,7.625,6.875],"tintindex":0,"rotation":0,"texture":"#0"},"north":{"uv":[3.625,7.125,4.125,7.625],"tintindex":0,"rotation":0,"texture":"#0"},"west":{"uv":[5.375,0.5,6.375,1.0],"tintindex":0,"rotation":0,"texture":"#0"},"up":{"uv":[1.5,6.25,1.0,5.25],"tintindex":0,"rotation":0,"texture":"#0"},"down":{"uv":[3.625,5.25,3.125,6.25],"tintindex":0,"rotation":0,"texture":"#0"}}},{"from":[5.0,7.0,12.0],"to":[6.0,7.0,14.0],"faces":{"up":{"uv":[1.625,4.5,1.5,4.25],"tintindex":0,"rotation":0,"texture":"#0"},"down":{"uv":[1.625,4.25,1.5,4.5],"tintindex":0,"rotation":0,"texture":"#0"}},"rotation":{"origin":[6.0,7.0,14.0],"angle":-22.5,"axis":"y"}},{"from":[8.0,5.0,13.0],"to":[8.0,6.0,15.0],"faces":{"east":{"uv":[6.875,5.875,6.625,6.0],"tintindex":0,"rotation":0,"texture":"#0"},"west":{"uv":[6.625,5.875,6.875,6.0],"tintindex":0,"rotation":0,"texture":"#0"}},"rotation":{"origin":[8.0,6.0,15.0],"angle":22.5,"axis":"x"}}],"display":{"gui":{"rotation":[-150.0,-45.0,180.0]}}}