{"textures":{"0":"modelengine:entity/lady_of_the_forest","particle":"#0"},"elements":[{"from":[4.0,6.0,5.5],"to":[12.0,10.0,10.5],"faces":{"east":{"uv":[6.75,5.375,7.375,5.875],"tintindex":0,"rotation":0,"texture":"#0"},"south":{"uv":[6.0,6.0,7.0,6.5],"tintindex":0,"rotation":0,"texture":"#0"},"north":{"uv":[5.0,6.0,6.0,6.5],"tintindex":0,"rotation":0,"texture":"#0"},"west":{"uv":[6.875,0.0,7.5,0.5],"tintindex":0,"rotation":0,"texture":"#0"},"up":{"uv":[5.625,2.375,4.625,1.75],"tintindex":0,"rotation":0,"texture":"#0"},"down":{"uv":[5.625,2.375,4.625,3.0],"tintindex":0,"rotation":0,"texture":"#0"}}}],"display":{"gui":{"rotation":[-150.0,-45.0,180.0]}}}