{"textures":{"0":"modelengine:entity/rooted_warrior","particle":"#0"},"elements":[{"from":[5.5,7.6193976,9.913417],"to":[10.5,13.619398,17.913418],"faces":{"east":{"uv":[9.875,9.75,10.875,10.5],"tintindex":0,"rotation":0,"texture":"#0"},"south":{"uv":[11.125,10.25,11.75,11.0],"tintindex":0,"rotation":0,"texture":"#0"},"north":{"uv":[7.75,5.5,8.375,6.25],"tintindex":0,"rotation":0,"texture":"#0"},"west":{"uv":[10.0,0.875,11.0,1.625],"tintindex":0,"rotation":0,"texture":"#0"},"up":{"uv":[10.5,11.5,9.875,10.5],"tintindex":0,"rotation":0,"texture":"#0"},"down":{"uv":[11.125,10.5,10.5,11.5],"tintindex":0,"rotation":0,"texture":"#0"}},"rotation":{"origin":[4.5,12.619398,9.913417],"angle":22.5,"axis":"x"}},{"from":[6.5,5.862412,15.77372],"to":[9.5,9.8624115,23.77372],"faces":{"east":{"uv":[11.0,0.625,12.0,1.125],"tintindex":0,"rotation":0,"texture":"#0"},"south":{"uv":[12.125,11.75,12.5,12.25],"tintindex":0,"rotation":0,"texture":"#0"},"north":{"uv":[12.125,11.25,12.5,11.75],"tintindex":0,"rotation":0,"texture":"#0"},"west":{"uv":[11.0,1.125,12.0,1.625],"tintindex":0,"rotation":0,"texture":"#0"},"up":{"uv":[10.5,12.5,10.125,11.5],"tintindex":0,"rotation":0,"texture":"#0"},"down":{"uv":[10.875,11.5,10.5,12.5],"tintindex":0,"rotation":0,"texture":"#0"}},"rotation":{"origin":[6.5,5.862412,15.77372],"angle":-22.5,"axis":"x"}},{"from":[7.0,6.930151,20.168945],"to":[9.0,10.930151,26.168947],"faces":{"east":{"uv":[1.375,4.25,2.125,4.75],"tintindex":0,"rotation":0,"texture":"#0"},"south":{"uv":[1.75,12.375,2.0,12.875],"tintindex":0,"rotation":0,"texture":"#0"},"north":{"uv":[1.5,12.375,1.75,12.875],"tintindex":0,"rotation":0,"texture":"#0"},"west":{"uv":[11.5,8.75,12.25,9.25],"tintindex":0,"rotation":0,"texture":"#0"},"up":{"uv":[12.5,1.25,12.25,0.5],"tintindex":0,"rotation":0,"texture":"#0"},"down":{"uv":[12.5,1.625,12.25,2.375],"tintindex":0,"rotation":0,"texture":"#0"}},"rotation":{"origin":[7.0,10.930151,20.168945],"angle":45.0,"axis":"x"}}],"display":{"gui":{"rotation":[-150.0,-45.0,180.0]}}}