{"textures":{"0":"modelengine:entity/rooted_warrior","particle":"#0"},"elements":[{"from":[6.0,6.0,6.0],"to":[13.0,13.0,10.0],"faces":{"east":{"uv":[11.375,5.125,11.875,6.0],"tintindex":0,"rotation":0,"texture":"#0"},"south":{"uv":[6.125,9.875,7.0,10.75],"tintindex":0,"rotation":0,"texture":"#0"},"north":{"uv":[9.625,0.0,10.5,0.875],"tintindex":0,"rotation":0,"texture":"#0"},"west":{"uv":[11.375,7.125,11.875,8.0],"tintindex":0,"rotation":0,"texture":"#0"},"up":{"uv":[12.25,6.5,11.375,6.0],"tintindex":0,"rotation":0,"texture":"#0"},"down":{"uv":[12.375,0.0,11.5,0.5],"tintindex":0,"rotation":0,"texture":"#0"}},"rotation":{"origin":[8.0,11.0,6.0],"angle":-45.0,"axis":"z"}}],"display":{"gui":{"rotation":[-150.0,-45.0,180.0]}}}