{"textures":{"0":"modelengine:entity/rooted_warrior","particle":"#0"},"elements":[{"from":[6.0,6.0,6.0],"to":[13.0,13.0,10.0],"faces":{"east":{"uv":[13.75,8.625,14.25,9.5],"tintindex":0,"rotation":0,"texture":"#0"},"south":{"uv":[12.875,8.625,13.75,9.5],"tintindex":0,"rotation":0,"texture":"#0"},"north":{"uv":[12.875,7.75,13.75,8.625],"tintindex":0,"rotation":0,"texture":"#0"},"west":{"uv":[14.25,8.625,14.75,9.5],"tintindex":0,"rotation":0,"texture":"#0"},"up":{"uv":[14.625,8.625,13.75,8.125],"tintindex":0,"rotation":0,"texture":"#0"},"down":{"uv":[14.625,7.625,13.75,8.125],"tintindex":0,"rotation":0,"texture":"#0"}},"rotation":{"origin":[8.0,11.0,6.0],"angle":-45.0,"axis":"z"}}],"display":{"gui":{"rotation":[-150.0,-45.0,180.0]}}}