{"textures":{"0":"modelengine:entity/rooted_warrior","particle":"#0"},"elements":[{"from":[4.0,8.0,4.0],"to":[12.0,16.0,12.0],"faces":{"east":{"uv":[9.875,14.875,10.875,15.875],"tintindex":0,"rotation":0,"texture":"#0"},"south":{"uv":[8.875,14.875,9.875,15.875],"tintindex":0,"rotation":0,"texture":"#0"},"north":{"uv":[10.875,14.875,11.875,15.875],"tintindex":0,"rotation":0,"texture":"#0"},"west":{"uv":[8.875,13.875,9.875,14.875],"tintindex":0,"rotation":0,"texture":"#0"},"up":{"uv":[10.875,14.875,9.875,13.875],"tintindex":0,"rotation":0,"texture":"#0"},"down":{"uv":[11.875,13.875,10.875,14.875],"tintindex":0,"rotation":0,"texture":"#0"}}}],"display":{"gui":{"rotation":[-150.0,-45.0,180.0]}}}