{"textures":{"0":"modelengine:entity/rooted_warrior","particle":"#0"},"elements":[{"from":[5.25,-5.0,2.5],"to":[14.25,8.0,13.5],"faces":{"east":{"uv":[3.75,1.625,5.125,3.25],"tintindex":0,"rotation":0,"texture":"#0"},"south":{"uv":[2.25,6.375,3.375,8.0],"tintindex":0,"rotation":0,"texture":"#0"},"north":{"uv":[1.125,6.375,2.25,8.0],"tintindex":0,"rotation":0,"texture":"#0"},"west":{"uv":[3.75,3.25,5.125,4.875],"tintindex":0,"rotation":0,"texture":"#0"},"up":{"uv":[7.75,4.875,6.625,3.5],"tintindex":0,"rotation":0,"texture":"#0"},"down":{"uv":[7.75,4.875,6.625,6.25],"tintindex":0,"rotation":0,"texture":"#0"}},"rotation":{"origin":[14.25,8.0,3.5],"angle":-45.0,"axis":"x"}}],"display":{"gui":{"rotation":[-150.0,-45.0,180.0]}}}