{"textures":{"0":"modelengine:entity/rooted_warrior","particle":"#0"},"elements":[{"from":[5.5,-4.8414583,5.742361],"to":[10.5,2.1585417,16.742361],"faces":{"east":{"uv":[8.25,0.0,9.625,0.875],"tintindex":0,"rotation":0,"texture":"#0"},"south":{"uv":[10.875,8.375,11.5,9.25],"tintindex":0,"rotation":0,"texture":"#0"},"north":{"uv":[7.75,10.875,8.375,11.75],"tintindex":0,"rotation":0,"texture":"#0"},"west":{"uv":[8.375,6.875,9.75,7.75],"tintindex":0,"rotation":0,"texture":"#0"},"up":{"uv":[10.375,7.5,9.75,6.125],"tintindex":0,"rotation":0,"texture":"#0"},"down":{"uv":[9.875,9.75,9.25,11.125],"tintindex":0,"rotation":0,"texture":"#0"}},"rotation":{"origin":[6.25,-4.8414583,5.742361],"angle":22.5,"axis":"x"}},{"from":[8.0,-5.5838194,12.58382],"to":[8.0,-0.5838194,24.58382],"faces":{"east":{"uv":[8.75,4.875,10.25,5.5],"tintindex":0,"rotation":0,"texture":"#0"},"west":{"uv":[10.25,4.875,8.75,5.5],"tintindex":0,"rotation":0,"texture":"#0"}},"rotation":{"origin":[8.0,-2.5838194,18.58382],"angle":45.0,"axis":"x"}},{"from":[4.5,-3.0,4.7683716E-7],"to":[11.5,8.0,8.0],"faces":{"east":{"uv":[0.0,7.375,1.0,8.75],"tintindex":0,"rotation":0,"texture":"#0"},"south":{"uv":[4.375,8.5,5.25,9.875],"tintindex":0,"rotation":0,"texture":"#0"},"north":{"uv":[8.375,5.5,9.25,6.875],"tintindex":0,"rotation":0,"texture":"#0"},"west":{"uv":[3.375,7.375,4.375,8.75],"tintindex":0,"rotation":0,"texture":"#0"},"up":{"uv":[10.625,4.875,9.75,3.875],"tintindex":0,"rotation":0,"texture":"#0"},"down":{"uv":[6.125,9.75,5.25,10.75],"tintindex":0,"rotation":0,"texture":"#0"}},"rotation":{"origin":[4.5,8.0,8.0],"angle":-22.5,"axis":"x"}}],"display":{"gui":{"rotation":[-150.0,-45.0,180.0]}}}