{"textures":{"0":"modelengine:entity/rooted_warrior","particle":"#0"},"elements":[{"from":[6.5,-3.0,5.0],"to":[9.5,8.0,9.0],"faces":{"east":{"uv":[8.5,9.875,9.0,11.25],"tintindex":0,"rotation":0,"texture":"#0"},"south":{"uv":[1.75,11.0,2.125,12.375],"tintindex":0,"rotation":0,"texture":"#0"},"north":{"uv":[1.375,11.0,1.75,12.375],"tintindex":0,"rotation":0,"texture":"#0"},"west":{"uv":[0.875,10.25,1.375,11.625],"tintindex":0,"rotation":0,"texture":"#0"},"up":{"uv":[5.5,4.875,5.125,4.375],"tintindex":0,"rotation":0,"texture":"#0"},"down":{"uv":[10.375,3.375,10.0,3.875],"tintindex":0,"rotation":0,"texture":"#0"}}}],"display":{"gui":{"rotation":[-150.0,-45.0,180.0]}}}