{"textures":{"0":"modelengine:entity/rooted_warrior","particle":"#0"},"elements":[{"from":[7.0,0.0,5.5],"to":[11.0,10.0,10.5],"faces":{"east":{"uv":[5.125,9.875,4.5,11.125],"tintindex":0,"rotation":0,"texture":"#0"},"south":{"uv":[10.875,6.125,10.375,7.375],"tintindex":0,"rotation":0,"texture":"#0"},"north":{"uv":[2.75,10.25,2.25,11.5],"tintindex":0,"rotation":0,"texture":"#0"},"west":{"uv":[4.5,9.875,3.875,11.125],"tintindex":0,"rotation":0,"texture":"#0"},"up":{"uv":[9.25,6.75,9.75,6.125],"tintindex":0,"rotation":0,"texture":"#0"},"down":{"uv":[11.875,4.0,12.375,4.625],"tintindex":0,"rotation":0,"texture":"#0"}}}],"display":{"gui":{"rotation":[-150.0,-45.0,180.0]}}}