{"textures":{"0":"modelengine:entity/rooted_warrior","particle":"#0"},"elements":[{"from":[20.344364,6.2072945,9.0],"to":[25.344364,8.207294,9.0],"faces":{"south":{"uv":[9.75,7.5,10.375,7.75],"tintindex":0,"rotation":0,"texture":"#0"},"north":{"uv":[10.375,7.5,9.75,7.75],"tintindex":0,"rotation":0,"texture":"#0"}},"rotation":{"origin":[18.930151,7.6215057,8.0],"angle":22.5,"axis":"z"}},{"from":[12.0,11.0,8.5],"to":[14.0,16.0,9.5],"faces":{"east":{"uv":[1.125,7.375,1.0,8.0],"tintindex":0,"rotation":0,"texture":"#0"},"south":{"uv":[9.0,12.25,8.75,12.875],"tintindex":0,"rotation":0,"texture":"#0"},"north":{"uv":[1.375,5.75,1.125,6.375],"tintindex":0,"rotation":0,"texture":"#0"},"west":{"uv":[6.625,3.5,6.5,4.125],"tintindex":0,"rotation":0,"texture":"#0"},"up":{"uv":[6.25,8.875,6.5,8.75],"tintindex":0,"rotation":0,"texture":"#0"},"down":{"uv":[9.0,2.875,9.25,3.0],"tintindex":0,"rotation":0,"texture":"#0"}},"rotation":{"origin":[12.0,11.0,8.5],"angle":-45.0,"axis":"z"}},{"from":[8.0,8.0,8.0],"to":[16.0,11.0,10.0],"faces":{"east":{"uv":[2.75,11.5,2.5,11.875],"tintindex":0,"rotation":0,"texture":"#0"},"south":{"uv":[12.5,8.375,11.5,8.75],"tintindex":0,"rotation":0,"texture":"#0"},"north":{"uv":[12.375,8.0,11.375,8.375],"tintindex":0,"rotation":0,"texture":"#0"},"west":{"uv":[3.0,10.25,2.75,10.625],"tintindex":0,"rotation":0,"texture":"#0"},"up":{"uv":[8.375,8.0,9.375,7.75],"tintindex":0,"rotation":0,"texture":"#0"},"down":{"uv":[11.875,5.375,12.875,5.625],"tintindex":0,"rotation":0,"texture":"#0"}}},{"from":[16.0,9.0,8.5],"to":[22.0,11.0,9.5],"faces":{"east":{"uv":[4.375,9.25,4.25,9.5],"tintindex":0,"rotation":0,"texture":"#0"},"south":{"uv":[12.625,5.625,11.875,5.875],"tintindex":0,"rotation":0,"texture":"#0"},"north":{"uv":[10.125,8.625,9.375,8.875],"tintindex":0,"rotation":0,"texture":"#0"},"west":{"uv":[6.625,4.125,6.5,4.375],"tintindex":0,"rotation":0,"texture":"#0"},"up":{"uv":[1.375,4.875,2.125,4.75],"tintindex":0,"rotation":0,"texture":"#0"},"down":{"uv":[8.25,0.875,9.0,1.0],"tintindex":0,"rotation":0,"texture":"#0"}},"rotation":{"origin":[16.0,11.0,8.5],"angle":-22.5,"axis":"z"}},{"from":[16.242641,12.414215,9.0],"to":[21.242641,14.414215,9.0],"faces":{"south":{"uv":[12.25,2.375,12.875,2.625],"tintindex":0,"rotation":0,"texture":"#0"},"north":{"uv":[12.875,2.375,12.25,2.625],"tintindex":0,"rotation":0,"texture":"#0"}},"rotation":{"origin":[16.242641,12.414215,9.0],"angle":22.5,"axis":"z"}}],"display":{"gui":{"rotation":[-150.0,-45.0,180.0]}}}