{"textures":{"0":"modelengine:entity/rooted_warrior","particle":"#0"},"elements":[{"from":[6.5,1.5,1.5],"to":[9.5,14.5,14.5],"faces":{"east":{"uv":[3.75,1.625,2.125,3.25],"tintindex":0,"rotation":0,"texture":"#0"},"south":{"uv":[5.5,10.75,5.125,12.375],"tintindex":0,"rotation":0,"texture":"#0"},"north":{"uv":[0.875,10.75,0.5,12.375],"tintindex":0,"rotation":0,"texture":"#0"},"west":{"uv":[3.75,0.0,2.125,1.625],"tintindex":0,"rotation":0,"texture":"#0"},"up":{"uv":[5.5,12.375,5.875,10.75],"tintindex":0,"rotation":0,"texture":"#0"},"down":{"uv":[5.875,10.75,6.25,12.375],"tintindex":0,"rotation":0,"texture":"#0"}}},{"from":[8.0,-0.5,-0.5],"to":[8.0,16.5,16.5],"faces":{"east":{"uv":[0.0,0.0,2.125,2.125],"tintindex":0,"rotation":0,"texture":"#0"},"west":{"uv":[2.125,0.0,0.0,2.125],"tintindex":0,"rotation":0,"texture":"#0"}},"rotation":{"origin":[8.0,8.0,8.0],"angle":-45.0,"axis":"x"}}],"display":{"gui":{"rotation":[-150.0,-45.0,180.0]}}}