{"textures":{"0":"modelengine:entity/nature_sprite","particle":"#0"},"elements":[{"from":[8.0,5.5,-0.5],"to":[8.0,10.5,10.5],"faces":{"east":{"uv":[5.0,0.0,10.5,2.5],"tintindex":0,"rotation":0,"texture":"#0"},"west":{"uv":[10.5,0.0,5.0,2.5],"tintindex":0,"rotation":0,"texture":"#0"}}},{"from":[5.5,8.0,-0.5],"to":[10.5,8.0,10.5],"faces":{"up":{"uv":[10.5,0.0,5.0,2.5],"tintindex":0,"rotation":90,"texture":"#0"},"down":{"uv":[5.0,0.0,10.5,2.5],"tintindex":0,"rotation":90,"texture":"#0"}}}],"display":{"gui":{"rotation":[-150.0,-45.0,180.0]}}}